chrom	pos	svid	svlen	novelty	n_carriers	carriers	chm13	min_motif_len	n_AFR	n_AMR	n_EAS	n_EUR	n_SAS	n_UNKNOWN
chr1	10772	Sniffles2.INS.1S0	117	novel_motif	36	HG00329;HG00350;HG00597;HG00609;HG01081;HG01346;HG01975;HG01993;HG02004;HG02040;HG02071;HG02132;HG02392;HG02572;HG02602;HG02698;HG02723;HG02922;HG02984;HG03209;HG03816;HG04157;HG04228;NA18505;NA18948;NA18974;NA19240;NA19776;NA19835;NA19909;NA20282;NA20346;NA20762;NA20870;NA21093;NA21309	chm13_pacbio	2	11	6	8	3	7	1
chr1	20849	Sniffles2.INS.6S0	1995	novel_motif	1	NA19240		1	1	0	0	0	0	0
chr1	34044	Sniffles2.INS.5S0	3056	novel_locus	1	HG02071		1	0	0	1	0	0	0
chr1	66378	Sniffles2.INS.4S0	224	known	16	HG00320;HG00321;HG00639;HG01255;HG01346;HG02071;HG02583;HG02602;HG02698;HG03209;HG03453;HG03710;NA18505;NA18508;NA19682;NA19776		2	5	5	1	2	3	0
chr1	121069	Sniffles2.INS.CS0	142	known	10	HG00597;HG01346;HG02004;HG02280;HG02572;HG02602;NA18974;NA19240;NA20870;NA21093		7	3	2	2	0	3	0
chr1	130710	Sniffles2.INS.ES0	252	novel_locus	2	HG00597;HG02602		1	0	0	1	0	1	0
chr1	136423	Sniffles2.INS.ES0	745	novel_motif	9	HG02572;HG02723;NA18948;NA18960;NA19776;NA19909;NA20762;NA20806;NA20809		1	3	1	2	3	0	0
chr1	139569	Sniffles2.INS.ES0	3410	novel_locus	4	HG02723;HG02922;NA20870;NA21110		3	2	0	0	0	2	0
chr1	139570	Sniffles2.INS.ES0	6811	novel_locus	4	HG02004;HG02723;NA19835;NA20129		1	3	1	0	0	0	0
chr1	140126	Sniffles2.INS.11S0	3417	novel_locus	7	HG00350;HG02572;NA18974;NA19240;NA19909;NA20282;NA21093		1	4	0	1	1	1	0
chr1	140185	Sniffles2.INS.DS0	6821	novel_locus	7	HG01346;HG03017;HG04157;NA18974;NA19240;NA20346;NA21093		1	2	1	1	0	3	0
chr1	140396	Sniffles2.INS.10S0	15889	novel_locus	9	HG00408;HG00609;HG01993;HG02040;HG02071;HG02132;NA18948;NA18960;NA18974		1	0	1	8	0	0	0
chr1	180467	Sniffles2.INS.11S0	4542	known	1	HG02040		3	0	0	1	0	0	0
chr1	180656	Sniffles2.INS.FS0	272	known	2	HG00329;NA20762		6	0	0	0	2	0	0
chr1	180802	Sniffles2.INS.13S0	280	known	52	HG00290;HG00320;HG00321;HG00329;HG00350;HG00597;HG01081;HG01255;HG01346;HG01433;HG01496;HG01786;HG01975;HG01993;HG02004;HG02040;HG02071;HG02132;HG02135;HG02280;HG02392;HG02572;HG02583;HG02602;HG02630;HG02723;HG02818;HG02922;HG03453;HG03521;HG03710;HG03804;HG03816;HG04157;HG04228;NA18505;NA18620;NA18952;NA19240;NA19682;NA19835;NA19909;NA20129;NA20282;NA20346;NA20762;NA20806;NA20809;NA21093;NA21106;NA21110;NA21309	chm13_pacbio	2	16	9	8	9	9	1
chr1	181171	Sniffles2.INS.11S0	120	known	6	NA18508;NA18608;NA18952;NA19776;NA20762;NA20870		19	1	1	2	1	1	0
chr1	191372	Sniffles2.INS.15S0	2000	novel_motif	67	HG00290;HG00320;HG00321;HG00329;HG00350;HG00408;HG00597;HG00609;HG00639;HG01081;HG01255;HG01346;HG01433;HG01496;HG01786;HG01975;HG01993;HG02004;HG02040;HG02071;HG02132;HG02135;HG02280;HG02293;HG02392;HG02572;HG02583;HG02602;HG02630;HG02698;HG02723;HG02818;HG02922;HG02984;HG03017;HG03209;HG03453;HG03521;HG03710;HG03804;HG03816;HG04157;HG04228;NA18505;NA18508;NA18608;NA18620;NA18948;NA18952;NA18960;NA18974;NA19240;NA19682;NA19776;NA19835;NA19909;NA20129;NA20282;NA20346;NA20762;NA20806;NA20809;NA20870;NA21093;NA21106;NA21110;NA21309	chm13_pacbio	1	19	12	14	9	12	1
chr1	204560	Sniffles2.INS.DS0	3066	novel_locus	67	HG00290;HG00320;HG00321;HG00329;HG00350;HG00408;HG00597;HG00609;HG00639;HG01081;HG01255;HG01346;HG01433;HG01496;HG01786;HG01975;HG01993;HG02004;HG02040;HG02071;HG02132;HG02135;HG02280;HG02293;HG02392;HG02572;HG02583;HG02602;HG02630;HG02698;HG02723;HG02818;HG02922;HG02984;HG03017;HG03209;HG03453;HG03521;HG03710;HG03804;HG03816;HG04157;HG04228;NA18505;NA18508;NA18608;NA18620;NA18948;NA18952;NA18960;NA18974;NA19240;NA19682;NA19776;NA19835;NA19909;NA20129;NA20282;NA20346;NA20762;NA20806;NA20809;NA20870;NA21093;NA21106;NA21110;NA21309		1	19	12	14	9	12	1
chr1	362691	Sniffles2.INS.FS0	313	novel_locus	2	HG02392;HG02630		1	1	0	1	0	0	0
chr1	382282	Sniffles2.INS.17S0	505	known	2	HG02392;HG02630		2	1	0	1	0	0	0
chr1	396685	Sniffles2.INS.24S0	1344	novel_locus	1	NA21110		1	0	0	0	0	1	0
chr1	432863	Sniffles2.INS.1ES0	2505	novel_motif	1	HG02602		2	0	0	0	0	1	0
chr1	433549	Sniffles2.INS.15S0	309	novel_motif	2	HG02392;HG03453		2	1	0	1	0	0	0
chr1	492213	Sniffles2.INS.14S0	1842	novel_motif	1	NA20809		49	0	0	0	1	0	0
chr1	492227	Sniffles2.INS.20S0	1066	novel_motif	17	HG00329;HG00609;HG01786;HG01993;HG02071;HG02135;HG02280;HG02583;HG02602;HG02698;NA18505;NA18620;NA18974;NA19682;NA20129;NA20806;NA21106		49	4	2	5	3	3	0
chr1	498625	Sniffles2.INS.1FS0	790	novel_locus	1	HG03453		4	1	0	0	0	0	0
chr1	597889	Sniffles2.INS.1ES0	1297	known	31	HG00290;HG00408;HG00597;HG00639;HG01081;HG01255;HG01433;HG01496;HG02004;HG02040;HG02071;HG02135;HG02293;HG02602;HG02698;HG03017;HG03710;HG03804;HG04157;NA18508;NA18952;NA18960;NA19240;NA19682;NA19835;NA20129;NA20282;NA20762;NA20806;NA20809;NA21309		47	5	8	7	4	6	1
chr1	597897	Sniffles2.INS.17S0	2217	known	6	HG00329;HG01081;HG01346;HG01993;HG03816;NA19776		47	0	4	0	1	1	0
chr1	597907	Sniffles2.INS.18S0	512	known	18	HG00350;HG00609;HG00639;HG01346;HG01975;HG02132;HG02293;HG02392;HG04157;HG04228;NA18620;NA18974;NA19776;NA20346;NA20809;NA21093;NA21106;NA21110		47	1	5	5	2	5	0
chr1	598112	Sniffles2.INS.1CS0	3533	known	1	HG01786		47	0	0	0	1	0	0
chr1	598424	Sniffles2.INS.22S0	244	known	5	HG02132;HG02392;HG03453;NA19682;NA21110		47	1	1	2	0	1	0
chr1	598578	Sniffles2.INS.18S0	1363	known	2	HG01786;NA18948		47	0	0	1	1	0	0
chr1	600739	Sniffles2.INS.21S0	286	novel_motif	11	HG02572;HG02630;HG03209;NA18505;NA18508;NA18960;NA19240;NA19835;NA19909;NA20129;NA21309		4	9	0	1	0	0	1
chr1	602222	Sniffles2.INS.1BS0	159	known	6	HG02572;HG03209;NA18505;NA19835;NA19909;NA20129		2	6	0	0	0	0	0
chr1	609405	Sniffles2.INS.28S0	311	known	4	NA20806;NA21093;NA21106;NA21110		68	0	0	0	1	3	0
chr1	610464	Sniffles2.INS.21S0	210	known	46	HG00290;HG00320;HG00329;HG00350;HG00408;HG00597;HG00609;HG00639;HG01081;HG01255;HG01346;HG01433;HG01496;HG01786;HG01993;HG02040;HG02071;HG02132;HG02135;HG02392;HG02602;HG02698;HG02723;HG03017;HG03453;HG03710;HG03804;HG03816;HG04157;NA18620;NA18948;NA18952;NA18974;NA19240;NA19682;NA19776;NA19835;NA20129;NA20282;NA20346;NA20762;NA20806;NA20809;NA21093;NA21106;NA21110		3	7	9	12	8	10	0
chr1	611558	Sniffles2.INS.21S0	491	novel_motif	4	HG03209;NA18505;NA19835;NA21309		2	3	0	0	0	0	1
chr1	611618	Sniffles2.INS.32S0	535	novel_motif	3	HG01433;HG02572;HG03209		2	2	1	0	0	0	0
chr1	668576	Sniffles2.INS.26S0	14580	known	1	NA18952		77	0	0	1	0	0	0
chr1	668647	Sniffles2.INS.28S0	6115	known	1	NA18505		77	1	0	0	0	0	0
chr1	668668	Sniffles2.INS.39S0	4676	known	2	NA20129;NA21309		77	1	0	0	0	0	1
chr1	668728	Sniffles2.INS.21S0	2467	known	3	HG03453;NA18974;NA19835		2	2	0	1	0	0	0
chr1	668739	Sniffles2.INS.1CS0	3658	known	15	HG00320;HG00609;HG01975;HG02040;HG02132;HG02392;HG02583;HG03804;HG03816;HG04228;NA18620;NA18952;NA19682;NA19835;NA20282		2	3	2	6	1	3	0
chr1	668821	Sniffles2.INS.32S0	19940	novel_motif	1	NA20346		2	1	0	0	0	0	0
chr1	668881	Sniffles2.INS.30S0	6833	novel_motif	1	NA20346		2	1	0	0	0	0	0
chr1	668967	Sniffles2.INS.27S0	14600	novel_motif	1	NA19835		77	1	0	0	0	0	0
chr1	669149	Sniffles2.INS.2CS0	5421	novel_motif	1	HG03453		2	1	0	0	0	0	0
chr1	669688	Sniffles2.INS.1DS0	163	novel_motif	40	HG00290;HG00320;HG00329;HG00350;HG00408;HG00597;HG00609;HG00639;HG01081;HG01255;HG01346;HG01433;HG01786;HG01975;HG01993;HG02004;HG02040;HG02071;HG02293;HG02602;HG02630;HG02723;HG03017;HG03710;HG03804;HG03816;HG04157;NA18948;NA18952;NA18974;NA19682;NA19776;NA20129;NA20282;NA20346;NA20762;NA20806;NA20809;NA21093;NA21110		2	5	11	8	8	8	0
chr1	669926	Sniffles2.INS.19S0	17573	known	1	HG02583		77	1	0	0	0	0	0
chr1	669931	Sniffles2.INS.1FS0	13366	novel_motif	1	HG01496		2	0	1	0	0	0	0
chr1	683233	Sniffles2.INS.3BS0	2744	novel_locus	2	NA18508;NA21309		1	1	0	0	0	0	1
chr1	710579	Sniffles2.INS.25S0	320	novel_locus	56	HG00290;HG00320;HG00321;HG00329;HG00350;HG00408;HG00597;HG00609;HG00639;HG01081;HG01255;HG01346;HG01433;HG01496;HG01786;HG01975;HG01993;HG02004;HG02040;HG02071;HG02132;HG02135;HG02293;HG02392;HG02602;HG02698;HG02723;HG02984;HG03017;HG03209;HG03453;HG03710;HG03804;HG03816;HG04157;HG04228;NA18505;NA18608;NA18620;NA18948;NA18952;NA18974;NA19240;NA19682;NA19776;NA19835;NA20129;NA20282;NA20346;NA20762;NA20806;NA20809;NA20870;NA21093;NA21106;NA21110	chm13_pacbio	1	10	12	13	9	12	0
chr1	712068	Sniffles2.INS.3CS0	87	known	2	NA18960;NA21309		7	0	0	1	0	0	1
chr1	740287	Sniffles2.INS.2AS0	3410	novel_locus	1	NA19909		1	1	0	0	0	0	0
chr1	740745	Sniffles2.INS.2BS0	5672	novel_locus	5	HG01993;HG02071;HG02132;NA18948;NA18960		1	0	1	4	0	0	0
chr1	748214	Sniffles2.INS.2BS0	330	known	1	NA18952		1	0	0	1	0	0	0
chr1	789481	Sniffles2.INS.28S0	2374	known	67	HG00290;HG00320;HG00321;HG00329;HG00350;HG00408;HG00597;HG00609;HG00639;HG01081;HG01255;HG01346;HG01433;HG01496;HG01786;HG01975;HG01993;HG02004;HG02040;HG02071;HG02132;HG02135;HG02280;HG02293;HG02392;HG02572;HG02583;HG02602;HG02630;HG02698;HG02723;HG02818;HG02922;HG02984;HG03017;HG03209;HG03453;HG03521;HG03710;HG03804;HG03816;HG04157;HG04228;NA18505;NA18508;NA18608;NA18620;NA18948;NA18952;NA18960;NA18974;NA19240;NA19682;NA19776;NA19835;NA19909;NA20129;NA20282;NA20346;NA20762;NA20806;NA20809;NA20870;NA21093;NA21106;NA21110;NA21309	chm13_pacbio	5	19	12	14	9	12	1
chr1	791427	Sniffles2.INS.32S0	1862	known	2	NA18948;NA18960		5	0	0	2	0	0	0
chr1	820874	Sniffles2.INS.31S0	8041	novel_motif	3	NA20346;NA20806;NA21309		4	1	0	0	1	0	1
chr1	868485	Sniffles2.INS.25S0	2682	novel_locus	8	HG00597;HG02602;HG03521;HG03710;HG03804;HG03816;HG04228;NA21309		2	1	0	1	0	5	1
chr1	875991	Sniffles2.INS.2ES0	3830	known	8	HG00609;HG02071;HG02132;HG02392;HG04157;NA18952;NA18960;NA21093		1	0	0	6	0	2	0
chr1	876006	Sniffles2.INS.33S0	5226	known	4	HG01255;HG01496;NA18505;NA20809		1	1	2	0	1	0	0
chr1	876008	Sniffles2.INS.35S0	4346	known	5	HG00290;HG02602;HG02630;NA18608;NA18620		10	1	0	2	1	1	0
chr1	876011	Sniffles2.INS.2BS0	3187	known	16	HG00290;HG01346;HG01786;HG02040;HG02280;HG02293;HG02572;HG02698;HG02723;NA18508;NA18608;NA19909;NA20346;NA20762;NA21106;NA21309		1	6	2	2	3	2	1
chr1	876014	Sniffles2.INS.2FS0	5890	known	1	NA18620		1	0	0	1	0	0	0
chr1	893801	Sniffles2.INS.38S0	109	known	5	HG02572;HG02583;HG03209;NA19835;NA21309		2	4	0	0	0	0	1
chr1	904539	Sniffles2.INS.42S0	98	novel_motif	20	HG00320;HG00609;HG00639;HG01255;HG01496;HG01975;HG02004;HG02071;HG02132;HG02293;HG02392;HG02572;HG02630;HG02698;HG02984;HG03017;HG04228;NA18620;NA18974;NA21110		3	3	6	6	1	4	0
chr1	905012	Sniffles2.INS.2FS0	113	novel_motif	8	HG03209;NA18505;NA18952;NA18960;NA19240;NA19909;NA20346;NA20870	chm13_pacbio	3	5	0	2	0	1	0
chr1	933980	Sniffles2.INS.3DS0	2582	novel_motif	1	HG02630		27	1	0	0	0	0	0
chr1	933985	Sniffles2.INS.39S0	452	novel_motif	1	NA18505		1	1	0	0	0	0	0
chr1	934023	Sniffles2.INS.3ES0	1146	known	3	HG00609;NA19776;NA21093		1	0	1	1	0	1	0
chr1	934235	Sniffles2.INS.3AS0	1224	known	17	HG00290;HG00321;HG01975;HG02572;HG02602;HG02630;HG02723;HG02818;NA18505;NA18508;NA18948;NA18952;NA19776;NA19835;NA20282;NA20809;NA21106		1	8	2	2	3	2	0
chr1	934301	Sniffles2.INS.25S0	611	known	16	HG00350;HG00639;HG01081;HG01346;HG01786;HG01993;HG02132;HG02280;HG02293;HG02392;HG02922;HG03209;HG04157;NA19835;NA21106;NA21110		1	4	5	2	2	3	0
chr1	934441	Sniffles2.INS.36S0	267	novel_motif	11	HG02583;HG02723;HG03521;HG03710;HG04228;NA18508;NA18948;NA19682;NA20129;NA20346;NA20762		1	6	1	1	1	2	0
chr1	964662	Sniffles2.INS.25S0	218	known	6	HG01975;HG02572;HG03209;HG03710;NA18505;NA21110		38	3	1	0	0	2	0
chr1	976715	Sniffles2.INS.46S0	851	novel_motif	38	HG00320;HG00321;HG00329;HG00408;HG00597;HG00609;HG00639;HG01081;HG01255;HG01433;HG01496;HG01786;HG01975;HG01993;HG02040;HG02071;HG02132;HG02135;HG02293;HG02392;HG02698;HG02984;HG03017;HG03209;HG03804;HG03816;HG04157;HG04228;NA18608;NA18620;NA18948;NA18952;NA18960;NA18974;NA19240;NA20806;NA20809;NA20870	chm13_pacbio	1	3	8	14	6	7	0
chr1	977122	Sniffles2.INS.2BS0	1230	novel_motif	1	HG02922		1	1	0	0	0	0	0
chr1	977527	Sniffles2.INS.34S0	526	novel_motif	14	HG01433;HG02280;HG02583;HG02630;HG02723;NA18505;NA18948;NA18974;NA19682;NA19835;NA19909;NA20282;NA20762;NA21309		1	8	2	2	1	0	1
chr1	1029671	Sniffles2.INS.43S0	369	known	19	HG00350;HG00609;HG01346;HG01993;HG02132;HG02293;HG02602;HG02630;HG03017;HG03209;HG03710;HG03804;HG03816;NA19240;NA19909;NA20346;NA20809;NA21106;NA21110		2	5	3	2	2	7	0
chr1	1030383	Sniffles2.INS.40S0	333	known	4	HG00350;HG02922;HG03017;NA20809		2	1	0	0	2	1	0
chr1	1030889	Sniffles2.INS.32S0	909	known	1	HG04228		2	0	0	0	0	1	0
chr1	1076061	Sniffles2.INS.47S0	1163	known	1	NA18960		30	0	0	1	0	0	0
chr1	1076252	Sniffles2.INS.41S0	3189	known	3	HG03816;NA20282;NA20870		27	1	0	0	0	2	0
chr1	1076329	Sniffles2.INS.52S0	1770	known	1	NA21110		30	0	0	0	0	1	0
chr1	1076665	Sniffles2.INS.45S0	358	known	18	HG00350;HG00597;HG01081;HG01255;HG01786;HG01975;HG03710;HG03816;HG04228;NA18505;NA18948;NA18952;NA18960;NA19682;NA19776;NA20762;NA21093;NA21110		1	1	5	4	3	5	0
chr1	1077446	Sniffles2.INS.30S0	163	known	6	HG00290;HG00320;HG00350;NA18608;NA19776;NA21093		30	0	1	1	3	1	0
chr1	1078321	Sniffles2.INS.2BS0	195	novel_motif	21	HG00290;HG00320;HG00408;HG01433;HG01496;HG01786;HG01975;HG02040;HG02135;HG02572;HG02698;HG02723;HG02818;HG03209;HG03453;HG04157;NA18620;NA18948;NA19682;NA20129;NA21093		2	6	4	5	3	3	0
chr1	1078348	Sniffles2.INS.51S0	887	novel_motif	7	HG00350;HG00597;HG01346;HG02132;HG03804;NA19776;NA20870		30	0	2	2	1	2	0
chr1	1080708	Sniffles2.INS.3CS0	295	known	51	HG00290;HG00320;HG00321;HG00329;HG00408;HG00597;HG00609;HG00639;HG01081;HG01255;HG01346;HG01433;HG01496;HG01786;HG01975;HG01993;HG02004;HG02040;HG02071;HG02132;HG02135;HG02280;HG02293;HG02392;HG02572;HG02602;HG02698;HG02922;HG03017;HG03804;HG03816;HG04157;HG04228;NA18505;NA18608;NA18620;NA18948;NA18952;NA18960;NA18974;NA19682;NA19776;NA19835;NA20129;NA20282;NA20762;NA20806;NA20870;NA21093;NA21110;NA21309	chm13_pacbio	2	7	12	14	7	10	1
chr1	1099070	Sniffles2.INS.53S0	3070	novel_motif	1	HG03453		2	1	0	0	0	0	0
chr1	1099110	Sniffles2.INS.2ES0	4984	known	37	HG00321;HG00329;HG00408;HG00597;HG00609;HG01346;HG01433;HG01786;HG01993;HG02132;HG02135;HG02280;HG02293;HG02572;HG02583;HG02602;HG02630;HG02723;HG02818;HG02922;HG02984;HG03521;HG03804;NA18505;NA18508;NA18974;NA19240;NA19776;NA19835;NA19909;NA20129;NA20282;NA20809;NA21093;NA21106;NA21110;NA21309		1	16	5	6	4	5	1
chr1	1099615	Sniffles2.INS.59S0	7456	novel_motif	1	HG02630		1	1	0	0	0	0	0
chr1	1099712	Sniffles2.INS.45S0	11149	known	1	HG02922		1	1	0	0	0	0	0
chr1	1115560	Sniffles2.INS.49S0	150	novel_motif	2	HG02818;HG03209		5	2	0	0	0	0	0
chr1	1201803	Sniffles2.INS.54S0	1047	novel_motif	2	HG01993;NA18508		5	1	1	0	0	0	0
chr1	1202231	Sniffles2.INS.4AS0	426	known	49	HG00290;HG00320;HG00329;HG00408;HG00609;HG01081;HG01433;HG01496;HG01786;HG01975;HG01993;HG02004;HG02040;HG02071;HG02132;HG02135;HG02293;HG02392;HG02583;HG02602;HG02698;HG02723;HG02984;HG03017;HG03453;HG03521;HG03804;HG03816;HG04157;NA18505;NA18608;NA18620;NA18948;NA18952;NA18960;NA18974;NA19240;NA19682;NA19776;NA19835;NA19909;NA20129;NA20282;NA20809;NA20870;NA21093;NA21106;NA21110;NA21309		19	11	9	13	5	10	1
chr1	1245158	Sniffles2.INS.57S0	443	novel_motif	67	HG00290;HG00320;HG00321;HG00329;HG00350;HG00408;HG00597;HG00609;HG00639;HG01081;HG01255;HG01346;HG01433;HG01496;HG01786;HG01975;HG01993;HG02004;HG02040;HG02071;HG02132;HG02135;HG02280;HG02293;HG02392;HG02572;HG02583;HG02602;HG02630;HG02698;HG02723;HG02818;HG02922;HG02984;HG03017;HG03209;HG03453;HG03521;HG03710;HG03804;HG03816;HG04157;HG04228;NA18505;NA18508;NA18608;NA18620;NA18948;NA18952;NA18960;NA18974;NA19240;NA19682;NA19776;NA19835;NA19909;NA20129;NA20282;NA20346;NA20762;NA20806;NA20809;NA20870;NA21093;NA21106;NA21110;NA21309	chm13_pacbio	2	19	12	14	9	12	1
chr1	1248975	Sniffles2.INS.42S0	476	known	58	HG00290;HG00320;HG00321;HG00329;HG00350;HG00408;HG00597;HG00609;HG00639;HG01081;HG01255;HG01346;HG01433;HG01496;HG01786;HG01975;HG01993;HG02004;HG02040;HG02071;HG02132;HG02293;HG02392;HG02572;HG02583;HG02602;HG02630;HG02698;HG02818;HG02922;HG02984;HG03017;HG03209;HG03453;HG03521;HG03710;HG03804;HG04157;HG04228;NA18505;NA18608;NA18620;NA18948;NA18952;NA18960;NA18974;NA19776;NA19835;NA19909;NA20129;NA20346;NA20762;NA20806;NA20809;NA21093;NA21106;NA21110;NA21309		1	14	11	13	9	10	1
chr1	1249037	Sniffles2.INS.4BS0	1057	known	1	NA20870		66	0	0	0	0	1	0
chr1	1249107	Sniffles2.INS.59S0	798	known	2	NA19776;NA20282		66	1	1	0	0	0	0
chr1	1284146	Sniffles2.INS.51S0	1688	known	6	HG01975;HG01993;HG02583;HG02723;NA19776;NA20282		1	3	3	0	0	0	0
chr1	1284149	Sniffles2.INS.3CS0	485	known	27	HG01496;HG02040;HG02071;HG02132;HG02135;HG02293;HG02392;HG02572;HG02583;HG02602;HG02818;HG02922;HG02984;HG03209;HG03710;HG03804;NA18508;NA18948;NA18960;NA18974;NA19240;NA19909;NA20129;NA20762;NA21093;NA21106;NA21309		1	10	2	8	1	5	1
chr1	1284170	Sniffles2.INS.5BS0	221	novel_motif	57	HG00290;HG00320;HG00321;HG00329;HG00350;HG00408;HG00597;HG00609;HG00639;HG01081;HG01255;HG01346;HG01433;HG01496;HG01786;HG01975;HG01993;HG02004;HG02135;HG02280;HG02392;HG02602;HG02630;HG02698;HG02723;HG02818;HG02922;HG02984;HG03017;HG03209;HG03453;HG03521;HG03804;HG03816;HG04157;HG04228;NA18505;NA18608;NA18620;NA18948;NA18952;NA18974;NA19682;NA19776;NA19835;NA19909;NA20129;NA20282;NA20346;NA20762;NA20806;NA20809;NA20870;NA21093;NA21106;NA21110;NA21309	chm13_pacbio	1	15	11	10	9	11	1
chr1	1288240	Sniffles2.INS.51S0	3486	known	5	HG00597;HG01786;HG02135;HG02572;NA19909		1	2	0	2	1	0	0
chr1	1288287	Sniffles2.INS.49S0	2055	known	14	HG00290;HG00350;HG00639;HG01975;HG01993;HG02040;HG02583;HG02984;HG03710;HG04157;NA18948;NA19835;NA20762;NA21110	chm13_pacbio	1	3	3	2	3	3	0
chr1	1288383	Sniffles2.INS.4AS0	2600	known	3	HG02723;NA20806;NA21106		1	1	0	0	1	1	0
chr1	1288391	Sniffles2.INS.4FS0	6833	known	1	HG04228		1	0	0	0	0	1	0
chr1	1288437	Sniffles2.INS.67S0	10046	known	2	HG01255;NA21110		18	0	1	0	0	1	0
chr1	1288549	Sniffles2.INS.6AS0	1252	known	11	HG00320;HG01081;HG01496;HG02132;HG02293;HG02572;HG02818;HG03209;HG03804;HG03816;HG04157		1	3	3	1	1	3	0
chr1	1288569	Sniffles2.INS.50S0	604	known	13	HG01433;HG01786;HG02071;HG02135;HG02293;HG03017;HG03521;HG03804;NA18505;NA18948;NA18952;NA20806;NA21093		18	2	2	4	2	3	0
chr1	1288607	Sniffles2.INS.4AS0	4481	known	1	HG01346		4	0	1	0	0	0	0
chr1	1289823	Sniffles2.INS.5BS0	156	known	6	HG00320;HG00321;HG00329;HG02602;HG03521;NA21106		18	1	0	0	3	2	0
chr1	1290220	Sniffles2.INS.56S0	385	known	3	HG02583;HG03017;NA21093		18	1	0	0	0	2	0
chr1	1293764	Sniffles2.INS.61S0	148	known	21	HG00290;HG00320;HG01346;HG01433;HG02071;HG02132;HG02135;HG02280;HG02602;HG02630;HG02698;HG02723;HG03453;HG03710;HG03804;NA18505;NA18508;NA19682;NA20129;NA20282;NA21110		20	8	3	3	2	5	0
chr1	1350117	Sniffles2.INS.51S0	997	novel_motif	1	HG02922		2	1	0	0	0	0	0
chr1	1382629	Sniffles2.INS.53S0	2741	known	1	HG00290		38	0	0	0	1	0	0
chr1	1427406	Sniffles2.INS.66S0	2378	known	29	HG00290;HG00320;HG00321;HG00329;HG00350;HG00597;HG00639;HG01433;HG01786;HG02071;HG02583;HG02630;HG02698;HG02723;HG03017;HG03209;HG03710;HG04157;HG04228;NA18505;NA18948;NA19776;NA19835;NA19909;NA20129;NA20762;NA20809;NA21106;NA21309	chm13_pacbio	1	8	3	3	8	6	1
chr1	1427468	Sniffles2.INS.5BS0	1762	known	3	HG02280;HG03521;NA19776		1	2	1	0	0	0	0
chr1	1447346	Sniffles2.INS.56S0	932	novel_locus	1	NA20870		1	0	0	0	0	1	0
chr1	1455216	Sniffles2.INS.5AS0	2757	known	1	NA18608		1	0	0	1	0	0	0
chr1	1543725	Sniffles2.INS.56S0	181	known	57	HG00320;HG00329;HG00350;HG00408;HG00597;HG00639;HG01081;HG01255;HG01433;HG01496;HG01786;HG01993;HG02004;HG02040;HG02071;HG02132;HG02135;HG02280;HG02293;HG02392;HG02572;HG02583;HG02602;HG02630;HG02698;HG02723;HG02818;HG02922;HG02984;HG03017;HG03209;HG03453;HG03521;HG03710;HG03804;HG03816;HG04228;NA18505;NA18508;NA18608;NA18620;NA18952;NA18960;NA18974;NA19240;NA19682;NA19835;NA19909;NA20129;NA20282;NA20346;NA20806;NA20870;NA21093;NA21106;NA21110;NA21309		25	19	9	12	5	11	1
chr1	1595101	Sniffles2.INS.7FS0	1288	known	25	HG00290;HG00320;HG00408;HG00597;HG00639;HG01081;HG01346;HG01993;HG02004;HG02040;HG02135;HG02392;HG02602;HG02630;HG03209;HG03710;HG03816;HG04228;NA18505;NA18608;NA19682;NA19909;NA20762;NA21093;NA21110		2	4	6	6	3	6	0
chr1	1595118	Sniffles2.INS.5AS0	2147	known	4	HG02280;HG02723;HG02984;NA20282		2	4	0	0	0	0	0
chr1	1605516	Sniffles2.INS.63S0	528	novel_motif	39	HG00321;HG00350;HG00408;HG00639;HG01081;HG01255;HG01786;HG02004;HG02071;HG02132;HG02280;HG02293;HG02572;HG02583;HG02630;HG02723;HG02818;HG02922;HG02984;HG03017;HG03209;HG03521;HG03710;HG03804;HG04157;NA18505;NA18508;NA18952;NA19240;NA19909;NA20129;NA20282;NA20346;NA20762;NA20806;NA20870;NA21093;NA21106;NA21309		5	17	5	4	5	7	1
chr1	1673979	Sniffles2.INS.62S0	308	known	1	HG01975		1	0	1	0	0	0	0
chr1	1689017	Sniffles2.INS.63S0	320	novel_locus	1	HG01975		1	0	1	0	0	0	0
chr1	1735329	Sniffles2.INS.60S0	3806	novel_locus	4	HG00639;HG03804;HG04228;NA18620		1	0	1	1	0	2	0
chr1	1740568	Sniffles2.INS.60S0	9818	novel_locus	3	HG00639;HG03804;NA18620		1	0	1	1	0	1	0
chr1	1747223	Sniffles2.INS.64S0	1022	novel_locus	1	HG03521		1	1	0	0	0	0	0
chr1	1885905	Sniffles2.INS.66S0	322	novel_locus	2	NA18508;NA19240		1	2	0	0	0	0	0
chr1	1889055	Sniffles2.INS.7AS0	4431	novel_locus	1	NA21110		1	0	0	0	0	1	0
chr1	1929384	Sniffles2.INS.66S0	1056	known	67	HG00290;HG00320;HG00321;HG00329;HG00350;HG00408;HG00597;HG00609;HG00639;HG01081;HG01255;HG01346;HG01433;HG01496;HG01786;HG01975;HG01993;HG02004;HG02040;HG02071;HG02132;HG02135;HG02280;HG02293;HG02392;HG02572;HG02583;HG02602;HG02630;HG02698;HG02723;HG02818;HG02922;HG02984;HG03017;HG03209;HG03453;HG03521;HG03710;HG03804;HG03816;HG04157;HG04228;NA18505;NA18508;NA18608;NA18620;NA18948;NA18952;NA18960;NA18974;NA19240;NA19682;NA19776;NA19835;NA19909;NA20129;NA20282;NA20346;NA20762;NA20806;NA20809;NA20870;NA21093;NA21106;NA21110;NA21309	chm13_pacbio	1	19	12	14	9	12	1
chr1	1948942	Sniffles2.INS.71S0	141	known	66	HG00290;HG00320;HG00321;HG00329;HG00350;HG00408;HG00597;HG00609;HG00639;HG01081;HG01255;HG01346;HG01433;HG01496;HG01786;HG01975;HG01993;HG02004;HG02040;HG02071;HG02132;HG02135;HG02280;HG02293;HG02392;HG02572;HG02583;HG02602;HG02630;HG02698;HG02723;HG02818;HG02922;HG02984;HG03017;HG03209;HG03453;HG03521;HG03710;HG03804;HG03816;HG04228;NA18505;NA18508;NA18608;NA18620;NA18948;NA18952;NA18960;NA18974;NA19240;NA19682;NA19776;NA19835;NA19909;NA20129;NA20282;NA20346;NA20762;NA20806;NA20809;NA20870;NA21093;NA21106;NA21110;NA21309	chm13_pacbio	4	19	12	14	9	11	1
chr1	1969176	Sniffles2.INS.7AS0	270	novel_motif	1	NA20282		5	1	0	0	0	0	0
chr1	1971121	Sniffles2.INS.84S0	224	novel_motif	1	HG02630		2	1	0	0	0	0	0
chr1	1981765	Sniffles2.INS.62S0	203	novel_motif	64	HG00290;HG00320;HG00321;HG00329;HG00350;HG00408;HG00597;HG00609;HG00639;HG01081;HG01255;HG01346;HG01433;HG01496;HG01786;HG01975;HG01993;HG02004;HG02071;HG02132;HG02135;HG02280;HG02293;HG02392;HG02572;HG02583;HG02602;HG02698;HG02723;HG02818;HG02922;HG02984;HG03017;HG03209;HG03453;HG03521;HG03710;HG03804;HG03816;HG04157;HG04228;NA18508;NA18608;NA18620;NA18948;NA18952;NA18960;NA18974;NA19240;NA19682;NA19776;NA19835;NA19909;NA20129;NA20282;NA20346;NA20762;NA20806;NA20809;NA20870;NA21093;NA21106;NA21110;NA21309	chm13_pacbio	1	17	12	13	9	12	1
chr1	1993704	Sniffles2.INS.69S0	146	novel_locus	67	HG00290;HG00320;HG00321;HG00329;HG00350;HG00408;HG00597;HG00609;HG00639;HG01081;HG01255;HG01346;HG01433;HG01496;HG01786;HG01975;HG01993;HG02004;HG02040;HG02071;HG02132;HG02135;HG02280;HG02293;HG02392;HG02572;HG02583;HG02602;HG02630;HG02698;HG02723;HG02818;HG02922;HG02984;HG03017;HG03209;HG03453;HG03521;HG03710;HG03804;HG03816;HG04157;HG04228;NA18505;NA18508;NA18608;NA18620;NA18948;NA18952;NA18960;NA18974;NA19240;NA19682;NA19776;NA19835;NA19909;NA20129;NA20282;NA20346;NA20762;NA20806;NA20809;NA20870;NA21093;NA21106;NA21110;NA21309	chm13_pacbio	1	19	12	14	9	12	1
chr1	2019221	Sniffles2.INS.6AS0	228	known	67	HG00290;HG00320;HG00321;HG00329;HG00350;HG00408;HG00597;HG00609;HG00639;HG01081;HG01255;HG01346;HG01433;HG01496;HG01786;HG01975;HG01993;HG02004;HG02040;HG02071;HG02132;HG02135;HG02280;HG02293;HG02392;HG02572;HG02583;HG02602;HG02630;HG02698;HG02723;HG02818;HG02922;HG02984;HG03017;HG03209;HG03453;HG03521;HG03710;HG03804;HG03816;HG04157;HG04228;NA18505;NA18508;NA18608;NA18620;NA18948;NA18952;NA18960;NA18974;NA19240;NA19682;NA19776;NA19835;NA19909;NA20129;NA20282;NA20346;NA20762;NA20806;NA20809;NA20870;NA21093;NA21106;NA21110;NA21309	chm13_pacbio	1	19	12	14	9	12	1
chr1	2121667	Sniffles2.INS.82S0	4019	novel_motif	1	NA18508		18	1	0	0	0	0	0
chr1	2121829	Sniffles2.INS.72S0	1947	known	7	HG01786;HG02583;HG02698;HG03521;HG03816;HG04157;NA18508		18	3	0	0	1	3	0
chr1	2121832	Sniffles2.INS.77S0	5190	novel_motif	1	HG04157		18	0	0	0	0	1	0
chr1	2121833	Sniffles2.INS.87S0	669	novel_motif	9	HG00597;HG02004;HG02071;HG02293;HG02392;HG02583;HG02984;NA18505;NA19240		2	4	2	3	0	0	0
chr1	2121862	Sniffles2.INS.6CS0	3195	known	4	HG00350;HG02698;HG02984;NA18952		3	1	0	1	1	1	0
chr1	2121900	Sniffles2.INS.74S0	3739	novel_motif	4	HG00639;HG02040;NA19240;NA20806		18	1	1	1	1	0	0
chr1	2122301	Sniffles2.INS.61S0	2830	novel_motif	4	HG01433;HG02723;HG03710;NA20762		18	1	1	0	1	1	0
chr1	2122371	Sniffles2.INS.84S0	503	novel_motif	3	NA19682;NA19776;NA20762		18	0	2	0	1	0	0
chr1	2122376	Sniffles2.INS.7DS0	1144	novel_motif	3	HG02922;HG03209;NA18620		18	2	0	1	0	0	0
chr1	2122711	Sniffles2.INS.6FS0	1847	novel_motif	10	HG00290;HG00320;HG00329;HG01255;HG01346;HG01496;HG02004;HG04228;NA20806;NA20870		3	0	4	0	4	2	0
chr1	2123100	Sniffles2.INS.86S0	228	known	4	HG01993;HG02132;HG03453;NA18505		3	2	1	1	0	0	0
chr1	2123190	Sniffles2.INS.4FS0	2219	novel_motif	1	HG00321		18	0	0	0	1	0	0
chr1	2123529	Sniffles2.INS.78S0	589	novel_motif	7	HG01993;HG02132;HG02293;HG03017;NA18608;NA18974;NA21106		18	0	2	3	0	2	0
chr1	2123888	Sniffles2.INS.82S0	300	novel_motif	9	HG01081;HG02392;HG03453;HG03804;NA19682;NA19835;NA20346;NA20870;NA21093		3	3	2	1	0	3	0
chr1	2124271	Sniffles2.INS.8BS0	1860	novel_motif	2	NA18620;NA19776		18	0	1	1	0	0	0
chr1	2142121	Sniffles2.INS.73S0	633	known	1	NA18948		42	0	0	1	0	0	0
chr1	2212074	Sniffles2.INS.58S0	482	novel_motif	20	HG00321;HG00329;HG00408;HG00639;HG01081;HG01496;HG02135;HG02602;HG03017;HG03804;HG03816;NA18608;NA18948;NA18960;NA18974;NA19682;NA20129;NA20809;NA20870;NA21093	chm13_pacbio	1	1	4	6	3	6	0
chr1	2280729	Sniffles2.INS.8AS0	268	known	33	HG00290;HG00320;HG00639;HG01081;HG01975;HG01993;HG02004;HG02040;HG02132;HG02280;HG02293;HG02572;HG02583;HG02630;HG02723;HG02984;HG03209;HG03453;HG03521;HG03804;NA18608;NA18952;NA18974;NA19240;NA19682;NA19776;NA19909;NA20129;NA20346;NA20762;NA20806;NA21093;NA21106	chm13_pacbio	2	13	8	5	4	3	0
chr1	2280925	Sniffles2.INS.8DS0	766	known	11	HG00290;HG00597;HG00609;HG01346;HG01496;HG01786;HG01975;HG02132;NA18948;NA19835;NA20806		2	1	3	4	3	0	0
chr1	2281610	Sniffles2.INS.8AS0	384	novel_motif	2	NA19240;NA21110		3	1	0	0	0	1	0
chr1	2281984	Sniffles2.INS.87S0	595	novel_motif	2	HG02040;HG02071		3	0	0	2	0	0	0
chr1	2282366	Sniffles2.INS.78S0	200	novel_motif	14	HG02132;HG02280;HG02293;HG02583;HG02602;HG03209;HG03521;HG03804;HG04228;NA18620;NA19682;NA20129;NA21093;NA21106		2	5	2	2	0	5	0
chr1	2325121	Sniffles2.INS.7CS0	2867	known	17	HG00320;HG00609;HG01346;HG01975;HG01993;HG02004;HG02572;HG02984;HG03017;HG03209;HG03521;NA18505;NA19240;NA20282;NA20762;NA21110;NA21309		4	7	4	1	2	2	1
chr1	2325125	Sniffles2.INS.91S0	3408	known	19	HG00321;HG00408;HG00597;HG01255;HG01433;HG01496;HG02293;HG02392;HG02630;HG02723;HG03453;HG03816;HG04228;NA18508;NA18948;NA18974;NA19909;NA20346;NA20870	chm13_pacbio	4	6	4	5	1	3	0
chr1	2325136	Sniffles2.INS.69S0	7465	known	1	HG02818		4	1	0	0	0	0	0
chr1	2325140	Sniffles2.INS.89S0	10200	known	1	HG02572		2	1	0	0	0	0	0
chr1	2325146	Sniffles2.INS.8DS0	6728	known	8	HG00320;HG03710;HG03804;HG04157;NA18620;NA20809;NA21093;NA21110		4	0	0	1	2	5	0
chr1	2335828	Sniffles2.INS.91S0	2357	known	5	HG03521;NA18505;NA19682;NA20129;NA20346		5	4	1	0	0	0	0
chr1	2401341	Sniffles2.INS.75S0	274	known	67	HG00290;HG00320;HG00321;HG00329;HG00350;HG00408;HG00597;HG00609;HG00639;HG01081;HG01255;HG01346;HG01433;HG01496;HG01786;HG01975;HG01993;HG02004;HG02040;HG02071;HG02132;HG02135;HG02280;HG02293;HG02392;HG02572;HG02583;HG02602;HG02630;HG02698;HG02723;HG02818;HG02922;HG02984;HG03017;HG03209;HG03453;HG03521;HG03710;HG03804;HG03816;HG04157;HG04228;NA18505;NA18508;NA18608;NA18620;NA18948;NA18952;NA18960;NA18974;NA19240;NA19682;NA19776;NA19835;NA19909;NA20129;NA20282;NA20346;NA20762;NA20806;NA20809;NA20870;NA21093;NA21106;NA21110;NA21309	chm13_pacbio	3	19	12	14	9	12	1
chr1	2436350	Sniffles2.INS.9BS0	323	novel_motif	2	NA19682;NA19909		4	1	1	0	0	0	0
chr1	2440394	Sniffles2.INS.87S0	2590	known	9	HG00321;HG00329;HG01081;HG01993;HG02293;HG02818;HG03209;NA18505;NA20809		68	3	3	0	3	0	0
chr1	2440424	Sniffles2.INS.80S0	1477	known	56	HG00290;HG00320;HG00329;HG00350;HG00408;HG00597;HG00609;HG00639;HG01081;HG01255;HG01346;HG01433;HG01496;HG01786;HG01975;HG01993;HG02004;HG02040;HG02132;HG02135;HG02280;HG02293;HG02392;HG02572;HG02602;HG02630;HG02698;HG02723;HG02922;HG03017;HG03710;HG03816;HG04157;HG04228;NA18508;NA18608;NA18620;NA18948;NA18952;NA18960;NA18974;NA19240;NA19682;NA19776;NA19835;NA19909;NA20129;NA20282;NA20346;NA20762;NA20806;NA20809;NA20870;NA21093;NA21106;NA21110	chm13_pacbio	2	12	12	13	8	11	0
chr1	2440443	Sniffles2.INS.A6S0	753	known	14	HG02602;HG02723;HG02818;HG02922;HG03209;HG03453;HG03521;NA18505;NA18508;NA19240;NA19909;NA20129;NA20282;NA21309		68	12	0	0	0	1	1
chr1	2459408	Sniffles2.INS.84S0	181	known	4	HG00609;HG02392;HG03521;HG03710		16	1	0	2	0	1	0
chr1	2522791	Sniffles2.INS.82S0	556	novel_motif	67	HG00290;HG00320;HG00321;HG00329;HG00350;HG00408;HG00597;HG00609;HG00639;HG01081;HG01255;HG01346;HG01433;HG01496;HG01786;HG01975;HG01993;HG02004;HG02040;HG02071;HG02132;HG02135;HG02280;HG02293;HG02392;HG02572;HG02583;HG02602;HG02630;HG02698;HG02723;HG02818;HG02922;HG02984;HG03017;HG03209;HG03453;HG03521;HG03710;HG03804;HG03816;HG04157;HG04228;NA18505;NA18508;NA18608;NA18620;NA18948;NA18952;NA18960;NA18974;NA19240;NA19682;NA19776;NA19835;NA19909;NA20129;NA20282;NA20346;NA20762;NA20806;NA20809;NA20870;NA21093;NA21106;NA21110;NA21309	chm13_pacbio	2	19	12	14	9	12	1
chr1	2648577	Sniffles2.INS.7BS0	12052	novel_motif	1	HG01346		2	0	1	0	0	0	0
chr1	2648586	Sniffles2.INS.9AS0	13427	novel_motif	1	NA19835		2	1	0	0	0	0	0
chr1	2649652	Sniffles2.INS.9AS0	38528	novel_locus	1	HG02572		1	1	0	0	0	0	0
chr1	2652070	Sniffles2.INS.A4S0	171296	novel_motif	1	HG02723		2	1	0	0	0	0	0
chr1	2652117	Sniffles2.INS.9DS0	109992	novel_motif	1	HG02572		2	1	0	0	0	0	0
chr1	2682100	Sniffles2.INS.C2S0	16236	novel_motif	1	NA20870		2	0	0	0	0	1	0
chr1	2692330	Sniffles2.INS.97S0	3209	novel_motif	3	HG00321;HG03816;NA21309		2	0	0	0	1	1	1
chr1	2749154	Sniffles2.INS.ADS0	4979	novel_motif	1	NA18508		2	1	0	0	0	0	0
chr1	2750276	Sniffles2.INS.C0S0	4170	novel_motif	1	NA21106		2	0	0	0	0	1	0
chr1	2751162	Sniffles2.INS.96S0	3524	novel_motif	1	HG00639		2	0	1	0	0	0	0
chr1	2764013	Sniffles2.INS.D4S0	3340	novel_motif	5	NA20809;NA20870;NA21093;NA21106;NA21309		4	0	0	0	1	3	1
chr1	2765261	Sniffles2.INS.D0S0	3583	novel_motif	2	HG02132;NA20129		4	1	0	1	0	0	0
chr1	2767630	Sniffles2.INS.D0S0	7157	novel_motif	1	HG02572		3	1	0	0	0	0	0
chr1	2820258	Sniffles2.INS.C3S0	420	novel_motif	10	HG01255;HG02135;HG02392;HG02572;HG02583;HG03209;NA18505;NA18508;NA19682;NA21309		17	5	2	2	0	0	1
chr1	2849180	Sniffles2.INS.B5S0	2094	novel_motif	2	HG03804;NA20762		31	0	0	0	1	1	0
chr1	2849439	Sniffles2.INS.C6S0	859	novel_motif	66	HG00290;HG00320;HG00321;HG00329;HG00350;HG00408;HG00597;HG00609;HG00639;HG01081;HG01255;HG01346;HG01433;HG01496;HG01786;HG01975;HG01993;HG02004;HG02040;HG02071;HG02132;HG02135;HG02280;HG02293;HG02392;HG02572;HG02583;HG02602;HG02630;HG02698;HG02723;HG02818;HG02922;HG02984;HG03017;HG03209;HG03453;HG03710;HG03804;HG03816;HG04157;HG04228;NA18505;NA18508;NA18608;NA18620;NA18948;NA18952;NA18960;NA18974;NA19240;NA19682;NA19776;NA19835;NA19909;NA20129;NA20282;NA20346;NA20762;NA20806;NA20809;NA20870;NA21093;NA21106;NA21110;NA21309	chm13_pacbio	2	18	12	14	9	12	1
chr1	2859342	Sniffles2.INS.B3S0	935	known	17	HG00290;HG00320;HG00329;HG00597;HG00609;HG01346;HG02004;HG02132;HG02135;HG02392;HG02572;HG03521;HG03710;NA18620;NA18948;NA18952;NA21106		4	2	2	8	3	2	0
chr1	2859500	Sniffles2.INS.C3S0	2904	known	1	HG01496		4	0	1	0	0	0	0
chr1	2859527	Sniffles2.INS.F8S0	4758	known	1	NA20870		4	0	0	0	0	1	0
chr1	2859543	Sniffles2.INS.AFS0	3579	known	3	HG01433;HG04228;NA19909		1	1	1	0	0	1	0
chr1	2859559	Sniffles2.INS.C7S0	556	known	46	HG00350;HG00408;HG00597;HG00639;HG01081;HG01255;HG01786;HG02040;HG02071;HG02135;HG02280;HG02392;HG02572;HG02583;HG02602;HG02630;HG02698;HG02723;HG02818;HG02922;HG02984;HG03017;HG03209;HG03453;HG03521;HG03710;HG03804;HG03816;NA18505;NA18508;NA18608;NA18952;NA18960;NA18974;NA19682;NA19776;NA19835;NA19909;NA20129;NA20346;NA20762;NA20806;NA20809;NA21093;NA21110;NA21309	chm13_pacbio	2	17	5	10	5	8	1
chr1	2997724	Sniffles2.INS.FBS0	322	known	11	HG01255;HG02583;HG02922;HG02984;HG03209;HG03453;NA18508;NA19240;NA19835;NA19909;NA21309		26	9	1	0	0	0	1
chr1	3016686	Sniffles2.INS.BFS0	584	known	67	HG00290;HG00320;HG00321;HG00329;HG00350;HG00408;HG00597;HG00609;HG00639;HG01081;HG01255;HG01346;HG01433;HG01496;HG01786;HG01975;HG01993;HG02004;HG02040;HG02071;HG02132;HG02135;HG02280;HG02293;HG02392;HG02572;HG02583;HG02602;HG02630;HG02698;HG02723;HG02818;HG02922;HG02984;HG03017;HG03209;HG03453;HG03521;HG03710;HG03804;HG03816;HG04157;HG04228;NA18505;NA18508;NA18608;NA18620;NA18948;NA18952;NA18960;NA18974;NA19240;NA19682;NA19776;NA19835;NA19909;NA20129;NA20282;NA20346;NA20762;NA20806;NA20809;NA20870;NA21093;NA21106;NA21110;NA21309	chm13_pacbio	1	19	12	14	9	12	1
chr1	3026038	Sniffles2.INS.C1S0	415	novel_motif	67	HG00290;HG00320;HG00321;HG00329;HG00350;HG00408;HG00597;HG00609;HG00639;HG01081;HG01255;HG01346;HG01433;HG01496;HG01786;HG01975;HG01993;HG02004;HG02040;HG02071;HG02132;HG02135;HG02280;HG02293;HG02392;HG02572;HG02583;HG02602;HG02630;HG02698;HG02723;HG02818;HG02922;HG02984;HG03017;HG03209;HG03453;HG03521;HG03710;HG03804;HG03816;HG04157;HG04228;NA18505;NA18508;NA18608;NA18620;NA18948;NA18952;NA18960;NA18974;NA19240;NA19682;NA19776;NA19835;NA19909;NA20129;NA20282;NA20346;NA20762;NA20806;NA20809;NA20870;NA21093;NA21106;NA21110;NA21309	chm13_pacbio	3	19	12	14	9	12	1
chr1	3095323	Sniffles2.INS.DCS0	329	novel_locus	2	NA19909;NA20282		1	2	0	0	0	0	0
chr1	3150871	Sniffles2.INS.101S0	340	known	2	NA18508;NA19240		29	2	0	0	0	0	0
chr1	3162852	Sniffles2.INS.B1S0	512	known	48	HG00320;HG00321;HG00329;HG00350;HG00408;HG00597;HG00639;HG01081;HG01255;HG01433;HG01496;HG01786;HG01975;HG01993;HG02004;HG02132;HG02280;HG02293;HG02392;HG02572;HG02583;HG02602;HG02630;HG02723;HG02818;HG02922;HG02984;HG03017;HG03209;HG03453;HG03521;HG03710;HG03804;HG03816;HG04157;HG04228;NA18505;NA18508;NA18620;NA19682;NA19776;NA19835;NA19909;NA20129;NA20282;NA20809;NA21106;NA21309	chm13_pacbio	48	17	11	5	6	8	1
chr1	3162882	Sniffles2.INS.DAS0	1628	known	19	HG00408;HG00597;HG00609;HG01346;HG02040;HG02071;HG02135;HG02602;HG02922;HG02984;HG03804;HG04228;NA18505;NA18608;NA18948;NA18952;NA18960;NA20129;NA21110		1	4	1	10	0	4	0
chr1	3165394	Sniffles2.INS.DCS0	712	known	9	HG00609;HG01346;HG02071;HG02602;HG03804;HG04228;NA18952;NA18960;NA21110		24	0	1	4	0	4	0
chr1	3167665	Sniffles2.INS.B3S0	309	novel_motif	44	HG00320;HG00321;HG00329;HG00350;HG00408;HG00639;HG01081;HG01255;HG01433;HG01496;HG01786;HG02004;HG02132;HG02280;HG02293;HG02392;HG02572;HG02583;HG02602;HG02630;HG02723;HG02818;HG02984;HG03017;HG03209;HG03453;HG03521;HG03710;HG03804;HG03816;HG04157;HG04228;NA18505;NA18508;NA18620;NA19682;NA19776;NA19835;NA19909;NA20129;NA20282;NA20809;NA21106;NA21309	chm13_pacbio	5	16	9	4	6	8	1
chr1	3176152	Sniffles2.INS.C7S0	229	known	67	HG00290;HG00320;HG00321;HG00329;HG00350;HG00408;HG00597;HG00609;HG00639;HG01081;HG01255;HG01346;HG01433;HG01496;HG01786;HG01975;HG01993;HG02004;HG02040;HG02071;HG02132;HG02135;HG02280;HG02293;HG02392;HG02572;HG02583;HG02602;HG02630;HG02698;HG02723;HG02818;HG02922;HG02984;HG03017;HG03209;HG03453;HG03521;HG03710;HG03804;HG03816;HG04157;HG04228;NA18505;NA18508;NA18608;NA18620;NA18948;NA18952;NA18960;NA18974;NA19240;NA19682;NA19776;NA19835;NA19909;NA20129;NA20282;NA20346;NA20762;NA20806;NA20809;NA20870;NA21093;NA21106;NA21110;NA21309	chm13_pacbio	2	19	12	14	9	12	1
chr1	3181381	Sniffles2.INS.D1S0	846	known	27	HG00290;HG00320;HG00609;HG00639;HG01346;HG01433;HG01496;HG01975;HG02004;HG02040;HG02698;HG03017;HG03710;HG03816;HG04157;NA18508;NA18974;NA19240;NA19776;NA20129;NA20346;NA20762;NA20806;NA20870;NA21093;NA21106;NA21110		2	4	7	3	4	9	0
chr1	3212589	Sniffles2.INS.CAS0	287	known	41	HG00408;HG00609;HG01081;HG01346;HG01496;HG01975;HG02280;HG02293;HG02572;HG02583;HG02602;HG02630;HG02698;HG02723;HG02818;HG02922;HG02984;HG03209;HG03453;HG03521;HG03816;HG04157;NA18505;NA18508;NA18608;NA18620;NA18948;NA18960;NA19240;NA19682;NA19776;NA19835;NA19909;NA20129;NA20282;NA20346;NA20809;NA21093;NA21106;NA21110;NA21309	chm13_pacbio	35	19	7	6	1	7	1
chr1	3215376	Sniffles2.INS.105S0	116	novel_motif	49	HG00321;HG00350;HG00408;HG00609;HG01081;HG01346;HG01496;HG01975;HG02004;HG02071;HG02135;HG02280;HG02293;HG02392;HG02572;HG02583;HG02602;HG02630;HG02723;HG02818;HG02922;HG02984;HG03209;HG03453;HG03521;HG03710;HG03804;HG03816;HG04157;HG04228;NA18505;NA18508;NA18608;NA18620;NA18948;NA18960;NA19240;NA19682;NA19776;NA19835;NA19909;NA20129;NA20282;NA20346;NA20809;NA21093;NA21106;NA21110;NA21309	chm13_pacbio	61	19	8	9	3	9	1
chr1	3260742	Sniffles2.INS.CBS0	858	novel_motif	67	HG00290;HG00320;HG00321;HG00329;HG00350;HG00408;HG00597;HG00609;HG00639;HG01081;HG01255;HG01346;HG01433;HG01496;HG01786;HG01975;HG01993;HG02004;HG02040;HG02071;HG02132;HG02135;HG02280;HG02293;HG02392;HG02572;HG02583;HG02602;HG02630;HG02698;HG02723;HG02818;HG02922;HG02984;HG03017;HG03209;HG03453;HG03521;HG03710;HG03804;HG03816;HG04157;HG04228;NA18505;NA18508;NA18608;NA18620;NA18948;NA18952;NA18960;NA18974;NA19240;NA19682;NA19776;NA19835;NA19909;NA20129;NA20282;NA20346;NA20762;NA20806;NA20809;NA20870;NA21093;NA21106;NA21110;NA21309	chm13_pacbio	3	19	12	14	9	12	1
chr1	3351524	Sniffles2.INS.CES0	616	known	67	HG00290;HG00320;HG00321;HG00329;HG00350;HG00408;HG00597;HG00609;HG00639;HG01081;HG01255;HG01346;HG01433;HG01496;HG01786;HG01975;HG01993;HG02004;HG02040;HG02071;HG02132;HG02135;HG02280;HG02293;HG02392;HG02572;HG02583;HG02602;HG02630;HG02698;HG02723;HG02818;HG02922;HG02984;HG03017;HG03209;HG03453;HG03521;HG03710;HG03804;HG03816;HG04157;HG04228;NA18505;NA18508;NA18608;NA18620;NA18948;NA18952;NA18960;NA18974;NA19240;NA19682;NA19776;NA19835;NA19909;NA20129;NA20282;NA20346;NA20762;NA20806;NA20809;NA20870;NA21093;NA21106;NA21110;NA21309	chm13_pacbio	1	19	12	14	9	12	1
chr1	3379426	Sniffles2.INS.E7S0	357	known	11	HG00320;HG02280;HG02583;HG02723;HG02922;HG03804;NA19835;NA20346;NA20762;NA20806;NA21309		1	6	0	0	3	1	1
chr1	3443225	Sniffles2.INS.E3S0	203	known	4	HG02984;HG03209;HG03453;NA20346		37	4	0	0	0	0	0
chr1	3450506	Sniffles2.INS.E6S0	145	known	35	HG00320;HG00597;HG00609;HG01081;HG01433;HG02004;HG02040;HG02132;HG02135;HG02293;HG02392;HG02572;HG02583;HG02602;HG02818;HG02922;HG02984;HG03209;HG03453;HG03521;HG03816;HG04228;NA18505;NA18508;NA18608;NA18948;NA18960;NA19240;NA19682;NA19776;NA19909;NA20762;NA20806;NA20870;NA21309		35	12	6	9	3	4	1
chr1	3477303	Sniffles2.INS.102S0	3998	known	5	HG00290;HG02602;NA18505;NA20870;NA21093		1	1	0	0	1	3	0
chr1	3477307	Sniffles2.INS.C8S0	2976	known	10	HG00350;HG02293;HG02572;HG02723;HG04157;HG04228;NA18948;NA20762;NA20809;NA21093		1	2	1	1	3	3	0
chr1	3477317	Sniffles2.INS.A9S0	4899	novel_motif	1	HG01081		23	0	1	0	0	0	0
chr1	3477327	Sniffles2.INS.BAS0	3414	novel_motif	3	HG02135;HG02922;HG03209		22	2	0	1	0	0	0
chr1	3502017	Sniffles2.INS.F4S0	5838	novel_motif	1	NA18508		1	1	0	0	0	0	0
chr1	3502044	Sniffles2.INS.CBS0	4608	novel_motif	6	HG02280;HG02602;HG02922;HG04228;NA20346;NA20762		1	3	0	0	1	2	0
chr1	3578879	Sniffles2.INS.EFS0	103	novel_motif	64	HG00290;HG00320;HG00321;HG00329;HG00350;HG00408;HG00597;HG00639;HG01081;HG01255;HG01346;HG01433;HG01496;HG01786;HG01975;HG01993;HG02004;HG02040;HG02071;HG02132;HG02135;HG02280;HG02293;HG02392;HG02583;HG02602;HG02630;HG02698;HG02723;HG02818;HG02922;HG02984;HG03017;HG03209;HG03453;HG03521;HG03710;HG03804;HG03816;HG04157;HG04228;NA18505;NA18508;NA18608;NA18620;NA18952;NA18960;NA18974;NA19240;NA19682;NA19776;NA19835;NA19909;NA20129;NA20282;NA20346;NA20762;NA20806;NA20809;NA20870;NA21093;NA21106;NA21110;NA21309	chm13_pacbio	1	18	12	12	9	12	1
chr1	3583342	Sniffles2.INS.B7S0	1237	known	16	HG00290;HG00408;HG00639;HG01255;HG02280;HG02572;HG02698;HG02922;HG03710;HG03816;NA18505;NA18952;NA19682;NA19776;NA19835;NA20762		18	5	4	2	2	3	0
chr1	3583350	Sniffles2.INS.F1S0	753	known	33	HG00350;HG00597;HG00609;HG00639;HG01346;HG01433;HG02040;HG02071;HG02132;HG02135;HG02572;HG02602;HG02630;HG02723;HG02922;HG03017;HG03209;HG03453;HG03521;HG03804;HG03816;HG04157;HG04228;NA18608;NA18620;NA18948;NA18952;NA18960;NA19240;NA19835;NA20129;NA20809;NA21093		3	10	3	11	2	7	0
